Workbook

Sheet README
A1: Synthetic user interview dataset: Google Photos retrieval
A2: SYNTHETIC. NOT REAL PARTICIPANTS. Every participant is an AI-written persona used to rehearse the interview guide, the first-failing-node coding and the MVP test protocol. No person was interviewed.
A4: Research question: how do people retrieve a photo they remember but cannot precisely describe, and where does that break down?
A5: Method: 30-minute remote sessions on the participant's own phone. Part A: recall a recent retrieval incident. Part B: retry it live while thinking aloud. Each task is coded by the first retrieval step that failed.
A6: Sample: 6 participants (effortful path 3, failed 1, heavy library 30k+ items 2); 7 observed tasks.
A7: MVP test: the same 6 participants; own incident rebuilt in a seeded library; keyword search + timeline vs clue-guided MVP, order counterbalanced; success = right photo within 180 s.
A9: Sheets: Interviews (one row per task) · MVP_Test (one row per participant) · Summary (live formulas over both sheets) · Field_Guide (every column explained).
A10: Source: generated by research_materials/build_interview_dataset.py; the CSV files hold the same data.

Sheet Interviews
A1: pid | B1: task_id | C1: age | D1: city | E1: occupation | F1: device | G1: library_items | H1: search_freq | I1: screener_group | J1: task | K1: object_type | L1: remembered | M1: distinctive_clue | N1: forgotten | O1: first_query | P1: used_distinctive | Q1: queries | R1: strategies | S1: time_s | T1: outcome | U1: first_failing_node | V1: secondary_node | W1: H1_expression | X1: H2_recognition | Y1: H3_time_scope | Z1: H4_unguided_recovery | AA1: workaround | AB1: quote
A2: P01 | B2: P01-T1 | C2: 29 | D2: Bengaluru | E2: Product designer | F2: Android | G2: 22000 | H2: monthly | I2: effortful | J2: Small cafe from a Goa trip | K2: photo | L2: Goa trip; end of 2023; friend Rhea in frame; cold coffee; blue door | M2: blue door | N2: cafe name; exact date; whose phone | O2: cafe goa | P2: N | Q2: 2 | R2: search;scroll;open-each;other-app | S2: 540 | T2: found_outside | U2: D2 | V2: D4 | W2: supported | X2: supported | Y2: partial | Z2: not observed | AA2: Searched WhatsApp chat with friend for a forwarded copy | AB2: I type the thing I'd put on an album name, not the thing I actually remember.
A3: P02 | B3: P02-T1 | C3: 41 | D3: Pune | E3: School teacher | F3: iPhone | G3: 9000 | H3: rarely | I3: failed | J3: Medicine strip with dosage written in pen | K3: photo | L3: Fever, monsoon 2024; blister strip; dosage handwritten on box | M3: pen writing on box | N3: brand name; month | O3: medicine | P3: N | Q3: 2 | R3: search;scroll | S3: 330 | T3: not_in_library | U3: D6 | W3: not observed | X3: not observed | Y3: not observed | Z3: not observed | AA3: Taken in WhatsApp camera, never backed up; found in chat with spouse | AB3: I assumed Google Photos has everything from my phone.
A4: P03 | B4: P03-T2 | C4: 34 | D4: Delhi | E4: Chartered accountant | F4: Android | G4: 35000 | H4: weekly | I4: heavy_library | J4: Workshop whiteboard with a funnel diagram | K4: photo | L4: Offsite workshop; red and green marker funnel; '2022, before I changed jobs' | M4: funnel drawing | N4: words on board; month | O4: whiteboard | P4: N | Q4: 3 | R4: search;date-scrub;scroll;other-app | S4: 360 | T4: found_outside | U4: D5 | V4: D3 | W4: partial | X4: not observed | Y4: supported | Z4: supported | AA4: Messaged the colleague who ran the workshop; photo was from 2021 | AB4: When I set a year I'm basically betting on it. If I'm wrong, I don't know I'm wrong.
A5: P03 | B5: P03-T1 | C5: 34 | D5: Delhi | E5: Chartered accountant | F5: Android | G5: 35000 | H5: weekly | I5: heavy_library | J5: Page 2 of a rent agreement | K5: document | L5: Rent agreement; printed words | M5: printed title text | N5: date | O5: rent agreement | P5: Y | Q5: 1 | R5: search | S5: 20 | T5: found_quick | U5: none | W5: not observed | X5: not observed | Y5: not observed | Z5: not observed | AB5: The words were on the page, so it just worked.
A6: P04 | B6: P04-T1 | C6: 52 | D6: Jaipur | E6: Textile shop owner | F6: Android | G6: 15000 | H6: never | I6: effortful | J6: Grandson's first birthday cake | K6: photo | L6: Blue car-shaped cake; at home; yellow shirt; winter ~2 years ago | M6: car-shaped cake | N6: date; who took it | O6: (none - scrolled) | P6: N | Q6: 0 | R6: scroll | S6: 360 | T6: found_effort | U6: D2 | W6: supported | X6: not observed | Y6: not observed | Z6: not observed | AA6: Scrolls the timeline or asks daughter | AB6: Search is for when you know the name of the thing.
A7: P05 | B7: P05-T1 | C7: 24 | D7: Hyderabad | E7: Postgraduate student | F7: Android | G7: 48000 | H7: daily | I7: heavy_library | J7: Exam-season meme screenshot a friend sent | K7: screenshot | L7: Gist of joke; cartoon cat; black background; March | M7: cartoon cat | N7: exact wording; sender; source app | O7: syllabus meme | P7: N | Q7: 5 | R7: search;rephrase;scroll;other-app | S7: 600 | T7: found_outside | U7: D3 | V7: D5 | W7: weakened | X7: not observed | Y7: not observed | Z7: supported | AA7: Asked friend group who sent it | AB7: It just says nothing. Did it not find the cat or not find the words? No idea.
A8: P06 | B8: P06-T1 | C8: 37 | D8: Mumbai | E8: Marketing manager | F8: Android | G8: 27000 | H8: weekly | I8: effortful | J8: Beagle in a marigold garland at a Udaipur wedding | K8: photo | L8: Friend's wedding; Udaipur 2022; beagle; marigold garland; fairy lights | M8: dog wearing marigold garland | N8: which wedding day; whose phone | O8: dog wedding | P8: partial | Q8: 2 | R8: search;people-group;scroll | S8: 420 | T8: found_effort | U8: D5 | W8: partial | X8: weakened | Y8: not observed | Z8: supported | AA8: Pivoted to the friend's face group, then scrolled | AB8: I knew three things about it. The app let me use one at a time.

Sheet MVP_Test
A1: pid | B1: seeded_task | C1: first_node_in_interview | D1: order | E1: baseline_success | F1: baseline_time_s | G1: baseline_queries | H1: baseline_seq | I1: mvp_success | J1: mvp_time_s | K1: mvp_turns | L1: mvp_seq | M1: clue_prompt_added_clue | N1: used_match_chips | O1: relaxed_a_clue | P1: note
A2: P01 | B2: Cafe with a blue door, Goa | C2: D2 | D2: B-M | E2: N | F2: 180 | G2: 4 | H2: 3 | I2: Y | J2: 52 | K2: 2 | L2: 6 | M2: Y | N2: Y | O2: N | P2: Clue prompt surfaced 'blue door'; target in top 3
A3: P02 | B3: Medicine strip (deliberately absent from seed) | C3: D6 | D3: M-B | E3: N | F3: 180 | G3: 3 | H3: 2 | I3: Y | J3: 58 | K3: 2 | L3: 5 | M3: N | N3: Y | O3: N | P3: No item matched all clues; MVP said it may not be backed up. Counts as correct
A4: P03 | B4: Funnel whiteboard, wrong year given | C4: D5 | D4: B-M | E4: N | F4: 180 | G4: 3 | H4: 2 | I4: Y | J4: 71 | K4: 3 | L4: 6 | M4: N | N4: Y | O4: Y | P4: Chip showed the year missed; relaxed to +/-1 year, found 2021
A5: P04 | B5: Car-shaped birthday cake | C5: D2 | D5: M-B | E5: Y | F5: 164 | G5: 1 | H5: 3 | I5: Y | J5: 38 | K5: 2 | L5: 7 | M5: Y | N5: N | O5: N | P5: Typed a full sentence: 'that is how I talk'
A6: P05 | B6: Cat meme, paraphrased wording | C6: D3 | D6: B-M | E6: N | F6: 180 | G6: 5 | H6: 2 | I6: Y | J6: 88 | K6: 3 | L6: 5 | M6: N | N6: Y | O6: Y | P6: Chips: cat matched, words missed; dropped the wording clue
A7: P06 | B7: Beagle in a marigold garland | C7: D5 | D7: M-B | E7: Y | F7: 151 | G7: 3 | H7: 4 | I7: Y | J7: 41 | K7: 1 | L7: 7 | M7: N | N7: Y | O7: N | P7: Combined three clues in one message

Sheet Summary
A1: Sample | B1: Value
A2: Participants | B2: =SUMPRODUCT(1/COUNTIF(Interviews!$A$2:$A$8,Interviews!$A$2:$A$8))
A3: Observed tasks | B3: =COUNTA(Interviews!$A$2:$A$8)
A4: Effortful or failed incidents | B4: =COUNTIF(Interviews!$U$2:$U$8,"<>none")
A5: First query omitted or only partly used the distinctive clue | B5: =COUNTIFS(Interviews!$P$2:$P$8,"<>Y",Interviews!$U$2:$U$8,"<>none")
A6: Median time, effortful or failed (s) | B6: {=MEDIAN(IF(Interviews!$U$2:$U$8<>"none",Interviews!$S$2:$S$8))}
A7: Median time, quick success (s) | B7: {=MEDIAN(IF(Interviews!$T$2:$T$8="found_quick",Interviews!$S$2:$S$8))}
A8: First failing node | B8: Incidents
A9: D1 Recall | B9: =COUNTIF(Interviews!$U$2:$U$8,"D1")
A10: D2 Express | B10: =COUNTIF(Interviews!$U$2:$U$8,"D2")
A11: D3 Understand & match | B11: =COUNTIF(Interviews!$U$2:$U$8,"D3")
A12: D4 Evaluate | B12: =COUNTIF(Interviews!$U$2:$U$8,"D4")
A13: D5 Refine | B13: =COUNTIF(Interviews!$U$2:$U$8,"D5")
A14: D6 Available | B14: =COUNTIF(Interviews!$U$2:$U$8,"D6")
A15: Outcome | B15: Tasks
A16: found_quick | B16: =COUNTIF(Interviews!$T$2:$T$8,"found_quick")
A17: found_effort | B17: =COUNTIF(Interviews!$T$2:$T$8,"found_effort")
A18: found_outside | B18: =COUNTIF(Interviews!$T$2:$T$8,"found_outside")
A19: not_in_library | B19: =COUNTIF(Interviews!$T$2:$T$8,"not_in_library")
A20: MVP task test | B20: Baseline | C20: MVP
A21: Found within 180 s | B21: =COUNTIF(MVP_Test!$E$2:$E$7,"Y") | C21: =COUNTIF(MVP_Test!$I$2:$I$7,"Y")
A22: Median time (s, capped at 180) | B22: =MEDIAN(MVP_Test!$F$2:$F$7) | C22: =MEDIAN(MVP_Test!$J$2:$J$7)
A23: Median queries (baseline) / turns (MVP) | B23: =MEDIAN(MVP_Test!$G$2:$G$7) | C23: =MEDIAN(MVP_Test!$K$2:$K$7)
A24: Mean ease, SEQ 1 to 7 | B24: =AVERAGE(MVP_Test!$H$2:$H$7) | C24: =AVERAGE(MVP_Test!$L$2:$L$7)
A25: Clue prompt drew out an untyped clue | C25: =COUNTIF(MVP_Test!$M$2:$M$7,"Y")
A26: Used matched / missed chips | C26: =COUNTIF(MVP_Test!$N$2:$N$7,"Y")
A27: Relaxed a clue | C27: =COUNTIF(MVP_Test!$O$2:$O$7,"Y")
A29: All values are live formulas over the Interviews and MVP_Test sheets.

Sheet Field_Guide
A1: column | B1: sheet | C1: meaning
A2: pid | B2: Interviews | C2: Participant ID (synthetic persona)
A3: task_id | B3: Interviews | C3: Task ID. P03-T1 is the quick-success contrast task; every other row is the participant's recalled incident
A4: age | B4: Interviews | C4: Age in years
A5: city | B5: Interviews | C5: City (India)
A6: occupation | B6: Interviews | C6: Occupation
A7: device | B7: Interviews | C7: Phone platform
A8: library_items | B8: Interviews | C8: Approximate photos and videos in the Google Photos library
A9: search_freq | B9: Interviews | C9: Self-reported search frequency
A10: screener_group | B10: Interviews | C10: Screener quota group: effortful, failed, heavy_library
A11: task | B11: Interviews | C11: The photo the participant was trying to find
A12: object_type | B12: Interviews | C12: photo, screenshot, document or video
... A44: note | B44: MVP_Test | C44: Observer note
